"id","cluster"
"8",1
"10",1
"15",2
"17",2
"29",2
"32",2
"34",2
"36",2
"40",2
"41",2
"42",2
"44",2
"46",2
"48",2
"50",2
"52",3
"53",4
"54",2
"55",2
"56",2
"58",2
"60",2
"62",2
"64",2
"65",2
"66",3
"67",4
"68",5
"70",5
"74",6
"75",6
"76",6
"77",6
"78",6
"79",6
"81",7
"83",7
"84",8
"85",9
"86",10
"87",11
"98",2
"99",2
"100",2
"101",2
"102",12
"104",13
"105",14
"106",13
"107",14
"108",13
"110",13
"112",15
"114",15
"115",15
"116",15
"117",15
"118",15
"119",15
"120",15
"121",15
"122",15
"123",15
"124",15
"125",15
"126",15
"127",15
"128",15
"129",15
"130",15
"131",15
"132",15
"133",15
"134",15
"135",15
"136",15
"137",15
"138",15
"139",15
"140",15
"141",15
"142",15
"143",15
"144",15
"145",15
"146",15
"147",15
"148",15
"149",16
"150",17
"151",16
"152",18
"153",16
"154",19
"155",16
"156",20
"157",21
"158",22
"159",23
"160",24
"161",16
"162",19
"163",16
"164",20
"165",16
"166",17
"167",21
"168",22
"169",23
"170",24
"171",16
"172",19
"173",16
"174",20
"175",16
"176",17
"177",16
"178",18
"179",21
"180",22
"181",23
"182",24
"187",25
"188",26
"189",25
"190",27
"193",2
"198",2
"200",2
"202",2
"204",2
"206",2
"208",2
"210",2
"211",2
"212",2
"214",2
"215",2
"216",2
"217",2
"218",2
"220",2
"222",2
"224",2
"230",28
"231",29
"232",28
"233",29
"266",30
"267",30
"276",31
"277",31
"278",32
"279",33
"280",32
"281",33
"292",2
"293",2
"294",2
"295",2
"296",2
"297",2
"306",34
"308",34
"310",34
"311",35
"312",34
"313",35
"314",34
"315",36
"316",34
"317",36
"318",34
"320",34
"321",35
"322",34
"323",35
"324",34
"326",34
"328",34
"330",34
"332",2
"333",37
"334",2
"335",38
"336",39
"338",39
"344",40
"345",41
"346",40
"347",41
"348",42
"349",43
"380",44
"381",44
"382",44
"383",44
"384",44
"385",44
"386",44
"387",44
"392",44
"393",44
"394",44
"395",44
"396",44
"397",44
"398",44
"421",45
"430",15
"458",46
"459",47
"460",48
"461",49
"466",50
"468",50
"472",2
"473",2
"474",2
"475",2
"476",2
"480",2
"486",2
"487",2
"488",2
"489",2
"490",2
"491",2
"492",2
"494",2
"496",2
"504",2
"505",2
"506",2
"508",2
"510",2
"512",2
"514",2
"515",2
"516",2
"517",2
"518",2
"519",2
"520",2
"522",2
"534",2
"535",2
"536",2
"537",2
"538",2
"539",2
"540",42
"541",43
"542",2
"544",2
"545",2
"546",51
"547",51
"548",51
"549",51
"550",51
"551",51
"552",51
"553",51
"576",52
"577",53
"578",54
"579",52
"580",53
"581",54
"583",55
"585",55
"587",56
"588",45
"589",56
"590",45
"591",56
"593",56
"595",2
"596",57
"597",2
"598",57
"639",15
"641",15
"643",15
"645",2
"649",46
"650",47
"651",48
"652",49
"653",2
"655",2
"657",2
"659",2
"661",2
"662",58
"663",2
"664",59
"665",2
"666",58
"667",2
"668",59
"679",34
"680",34
"681",34
"682",34
"683",34
"684",34
"685",34
"687",2
"688",2
"689",2
"699",12
"705",30
"706",60
"707",30
"708",60
"719",8
"720",9
"721",10
"722",11
"723",61
"724",61
"725",61
"726",61
"727",61
"728",62
"729",63
"730",64
"731",63
"732",2
"733",2
"734",2
"735",2
"736",65
"737",66
"738",65
"739",66
"744",15
"745",67
"746",15
"747",15
"750",2
"751",2
"757",68
"758",68
"763",69
"764",70
"765",69
"766",70
"783",2
"785",2
"786",2
"787",71
"788",2
"789",71
"790",2
"791",71
"792",2
"793",71
"794",2
"795",71
"796",2
"797",71
"798",2
"800",2
"801",72
"802",2
"803",71
"804",2
"805",72
"806",2
"807",71
"808",2
"809",71
"814",44
"815",44
"816",44
"817",44
"818",2
"820",2
"821",73
"822",74
"824",74
"828",2
"829",75
"830",2
"831",75
"832",15
"833",15
"834",15
"835",76
"836",15
"837",15
"838",15
"839",15
"842",28
"843",29
"844",28
"845",29
"848",28
"849",29
"850",28
"851",29
"852",28
"853",29
"854",28
"855",29
"863",2
"864",2
"865",2
"866",2
"867",2
"868",2
"869",2
"870",2
"871",2
"872",2
"873",2
"874",2
"875",2
"876",2
"877",2
"878",2
"879",2
"880",2
"881",77
"882",78
"883",79
"884",80
"889",77
"890",78
"891",79
"892",80
"893",81
"894",82
"895",83
"896",84
"897",85
"898",86
"899",81
"900",82
"901",83
"902",84
"903",85
"904",86
"905",81
"906",82
"921",31
"922",31
"923",31
"924",31
"925",32
"926",33
"927",32
"928",33
"929",31
"930",31
"931",31
"932",31
"933",32
"934",33
"939",31
"940",87
"941",31
"942",88
"943",15
"944",89
"945",15
"946",90
"947",2
"948",91
"953",2
"954",2
"955",2
"956",2
"957",2
"958",2
"959",31
"960",92
"961",31
"962",92
"963",31
"964",92
"972",2
"973",93
"974",2
"975",93
"978",2
"979",93
"980",2
"982",2
"983",93
"984",2
"987",2
"988",93
"989",2
"995",94
"996",95
"997",94
"998",94
"999",95
"1000",94
"1002",2
"1004",2
"1005",37
"1006",2
"1007",37
"1008",2
"1009",38
"1014",69
"1015",70
"1016",2
"1017",96
"1018",2
"1019",97
"1026",98
"1027",99
"1034",100
"1035",101
"1036",100
"1037",101
"1046",2
"1047",73
"1048",2
"1049",2
"1050",2
"1051",2
"1068",2
"1098",2
"1101",102
"1103",102
"1104",7
"1106",7
"1107",7
"1114",2
"1115",2
"1116",2
"1117",2
"1118",2
"1119",2
"1120",2
"1132",103
"1137",103
"1144",15
"1147",2
"1148",2
"1149",2
"1150",2
"1164",104
"1165",105
"1166",106
"1167",105
"1172",2
"1174",2
"1175",107
"1182",2
"1183",107
"1194",108
"1196",108
"1197",109
"1198",108
"1199",109
"1208",2
"1209",91
"1210",110
"1211",111
"1212",110
"1213",111
"1214",110
"1216",112
"1218",112
"1226",113
"1228",113
"1230",2
"1231",114
"1232",2
"1233",114
"1234",2
"1235",114
"1236",2
"1237",115
"1238",2
"1239",115
"1240",2
"1241",116
"1242",2
"1243",117
"1248",15
"1249",15
"1250",15
"1251",15
"1252",118
"1253",119
"1254",2
"1256",2
"1257",107
"1258",2
"1259",107
"1260",15
"1261",15
"1262",118
"1263",119
"1264",2
"1265",2
"1267",120
"1269",120
"1271",15
"1272",15
"1308",121
"1309",122
"1310",121
"1311",122
"1312",123
"1313",124
"1331",123
"1332",124
"1335",2
"1336",2
"1338",2
"1340",2
"1342",2
"1344",2
"1346",2
"1348",44
"1349",44
"1350",44
"1351",44
"1354",125
"1355",125
"1356",2
"1357",125
"1358",2
"1359",125
"1362",2
"1364",125
"1365",125
"1366",125
"1367",125
"1368",125
"1369",125
"1370",125
"1371",125
"1378",125
"1379",125
"1380",125
"1381",125
"1382",125
"1383",125
"1384",125
"1385",125
"1386",125
"1387",125
"1388",125
"1393",2
"1395",2
"1396",126
"1397",2
"1398",126
"1403",127
"1404",31
"1405",127
"1406",31
"1407",127
"1408",2
"1409",96
"1410",2
"1411",97
"1414",128
"1415",129
"1416",128
"1417",129
"1418",34
"1419",34
"1420",34
"1421",34
"1422",34
"1423",128
"1424",129
"1425",128
"1426",129
"1427",128
"1428",129
"1429",128
"1430",129
"1431",128
"1432",129
"1433",130
"1434",131
"1435",130
"1436",131
"1441",130
"1442",131
"1443",34
"1444",34
"1445",34
"1447",132
"1449",132
"1454",104
"1455",105
"1456",106
"1457",105
"1458",2
"1460",15
"1461",15
"1462",15
"1463",15
"1479",133
"1480",134
"1481",133
"1482",134
"1483",133
"1484",134
"1485",133
"1491",135
"1492",135
"1495",7
"1496",136
"1497",136
"1498",136
"1499",136
"1500",136
"1501",7
"1502",7
"1503",7
"1504",7
"1505",2
"1506",137
"1507",7
"1508",7
"1509",7
"1510",7
"1511",7
"1512",7
"1513",7
"1514",7
"1515",7
"1516",7
"1517",7
"1518",7
"1519",7
"1520",7
"1521",7
"1522",7
"1523",7
"1524",7
"1525",7
"1526",7
"1527",7
"1528",7
"1529",7
"1530",7
"1531",7
"1532",7
"1533",7
"1534",7
"1535",7
"1537",7
"1538",7
"1539",7
"1540",7
"1541",7
"1542",7
"1543",7
"1544",7
"1545",7
"1546",7
"1547",7
"1548",7
"1549",7
"1550",7
"1551",7
"1552",7
"1553",7
"1554",7
"1555",7
"1556",7
"1557",7
"1558",7
"1559",7
"1560",7
"1561",7
"1562",7
"1563",7
"1564",7
"1565",7
"1566",7
"1567",7
"1568",7
"1569",15
"1570",15
"1571",15
"1572",15
"1573",2
"1574",2
"1575",2
"1576",2
"1586",138
"1587",139
"1588",138
"1589",139
"1590",138
"1591",140
"1594",2
"1611",2
"1613",2
"1635",15
"1636",15
"1637",15
"1638",15
"1639",15
"1640",141
"1641",15
"1642",141
"1643",142
"1645",142
"1649",125
"1650",143
"1651",125
"1652",143
"1654",143
"1655",125
"1656",143
"1657",125
"1658",143
"1660",143
"1662",143
"1663",31
"1669",144
"1670",145
"1671",146
"1672",147
"1673",144
"1674",145
"1675",146
"1676",147
"1677",148
"1678",149
"1679",125
"1680",143
"1683",143
"1685",143
"1690",136
"1691",136
"1692",136
"1693",136
"1694",136
"1695",136
"1696",136
"1697",136
"1698",136
"1699",136
"1700",136
"1701",136
"1702",136
"1703",136
"1710",150
"1711",150
"1713",150
"1722",151
"1723",151
"1724",151
"1735",152
"1736",153
"1743",152
"1744",153
"1745",34
"1746",34
"1747",34
"1748",34
"1757",2
"1759",154
"1760",154
"1762",2
"1764",2
"1766",2
"1768",2
"1770",2
"1772",2
"1774",2
"1776",2
"1778",2
"1780",2
"1782",15
"1783",15
"1784",15
"1785",15
"1786",15
"1787",15
"1788",15
"1789",15
"1790",15
"1791",15
"1792",15
"1793",15
"1794",15
"1795",15
"1796",15
"1797",15
"1798",15
"1799",15
"1800",15
"1801",15
"1802",15
"1803",15
"1804",15
"1805",15
"1806",15
"1807",15
"1808",15
"1809",15
"1810",15
"1811",15
"1812",15
"1813",15
"1814",15
"1815",155
"1817",155
"1819",155
"1820",156
"1821",157
"1823",157
"1829",15
"1831",15
"1832",15
"1833",15
"1837",15
"1838",15
"1839",15
"1840",15
"1841",15
"1842",158
"1843",159
"1844",158
"1845",159
"1846",158
"1847",159
"1848",158
"1849",159
"1850",158
"1851",159
"1852",158
"1853",159
"1858",15
"1859",15
"1860",114
"1861",2
"1862",114
"1863",2
"1864",114
"1865",115
"1866",2
"1867",115
"1868",2
"1869",116
"1870",2
"1871",117
"1879",160
"1881",160
"1882",148
"1883",149
"1892",2
"1893",161
"1894",2
"1895",161
"1896",2
"1898",2
"1899",161
"1900",2
"1901",161
"1902",2
"1910",2
"1911",161
"1912",2
"1914",2
"1916",2
"1918",2
"1919",161
"1931",162
"1933",162
"1934",2
"1935",2
"1936",2
"1937",2
"1938",125
"1939",143
"1940",125
"1941",143
"1942",125
"1943",143
"1944",125
"1945",143
"1946",2
"1948",2
"1950",2
"1952",2
"1954",2
"1956",2
"1958",2
"1960",2
"1962",2
"1964",2
"1966",2
"1968",2
"1970",2
"1972",2
"1974",2
"1976",2
"1978",2
"1980",2
"1982",2
"1984",2
"1986",2
"1988",2
"1990",2
"1992",2
"1994",2
"1996",6
"1997",163
"1998",6
"1999",164
"2000",165
"2001",166
"2002",15
"2003",167
"2004",15
"2005",167
"2006",15
"2007",167
"2008",15
"2010",142
"2012",2
"2014",2
"2016",168
"2017",169
"2018",170
"2019",170
"2022",171
"2023",172
"2024",173
"2025",172
"2032",174
"2033",174
"2034",174
"2035",174
"2040",2
"2041",175
"2042",2
"2043",175
"2044",2
"2046",2
"2048",2
"2050",25
"2051",26
"2052",25
"2053",27
"2054",25
"2055",26
"2056",25
"2057",27
"2060",176
"2061",177
"2062",176
"2063",177
"2064",178
"2065",179
"2066",2
"2068",2
"2070",15
"2074",15
"2075",180
"2076",15
"2077",180
"2088",15
"2089",180
"2090",15
"2091",180
"2092",15
"2094",2
"2096",2
"2098",15
"2100",2
"2101",181
"2102",2
"2103",181
"2108",182
"2109",183
"2110",182
"2111",183
"2112",2
"2113",2
"2114",2
"2115",2
"2116",25
"2117",184
"2118",25
"2120",25
"2121",184
"2122",25
"2123",25
"2124",184
"2125",171
"2126",172
"2127",173
"2128",172
"2129",45
"2130",185
"2131",45
"2132",185
"2133",186
"2134",187
"2135",186
"2136",187
"2137",2
"2139",2
"2140",2
"2142",2
"2143",137
"2147",7
"2149",7
"2152",7
"2154",7
"2158",136
"2159",136
"2160",136
"2161",136
"2162",136
"2163",136
"2164",188
"2165",136
"2166",188
"2167",15
"2168",15
"2169",189
"2170",189
"2171",189
"2172",189
"2173",189
"2174",189
"2175",190
"2176",190
"2177",190
"2178",190
"2181",45
"2182",191
"2183",45
"2184",191
"2187",192
"2188",191
"2189",192
"2190",191
"2193",31
"2197",31
"2201",2
"2202",2
"2203",6
"2204",164
"2205",165
"2206",166
"2207",6
"2208",163
"2209",6
"2210",163
"2215",151
"2216",136
"2217",151
"2218",136
"2219",15
"2220",15
"2221",15
"2222",15
"2223",15
"2224",15
"2225",15
"2226",15
"2227",61
"2228",61
"2229",61
"2230",61
"2231",61
"2232",61
"2233",62
"2234",63
"2235",64
"2236",63
"2237",193
"2238",194
"2239",193
"2240",194
"2257",6
"2259",6
"2263",195
"2264",196
"2265",195
"2266",196
"2271",15
"2272",67
"2273",15
"2274",15
"2275",15
"2276",15
"2277",156
"2278",156
"2279",156
"2280",156
"2283",15
"2284",15
"2285",15
"2286",15
"2287",15
"2288",15
"2289",15
"2290",15
"2291",15
"2292",15
"2293",15
"2294",15
"2295",15
"2296",15
"2297",15
"2298",15
"2299",15
"2300",15
"2301",15
"2302",15
"2303",15
"2304",15
"2305",168
"2306",169
"2309",15
"2310",15
"2311",15
"2312",76
"2313",15
"2314",15
"2315",15
"2316",15
"2317",7
"2319",7
"2321",7
"2323",7
"2325",7
"2329",7
"2331",31
"2341",15
"2342",178
"2343",179
"2346",31
"2347",197
"2348",31
"2349",197
"2350",31
"2352",34
"2353",34
"2354",34
"2355",34
"2360",2
"2361",198
"2362",2
"2363",198
"2364",2
"2365",198
"2366",2
"2367",198
"2368",15
"2369",15
"2370",15
"2371",15
"2372",15
"2373",15
"2374",15
"2375",15
"2376",89
"2377",15
"2378",90
"2379",15
"2380",89
"2381",15
"2382",90
"2383",2
"2384",199
"2385",2
"2386",199
"2387",2
"2388",200
"2389",2
"2390",201
"2399",31
"2401",202
"2403",202
"2408",15
"2410",2
"2411",203
"2412",2
"2413",203
"2414",2
"2415",204
"2418",2
"2419",204
"2420",2
"2422",31
"2423",197
"2424",31
"2425",197
"2426",31
"2428",205
"2429",205
"2430",205
"2431",206
"2432",205
"2433",205
"2434",205
"2435",206
"2437",207
"2439",207
"2442",208
"2444",208
"2448",65
"2449",66
"2450",65
"2451",66
"2452",209
"2453",210
"2454",211
"2455",212
"2456",209
"2457",210
"2458",211
"2459",212
"2461",15
"2462",15
"2463",34
"2464",34
"2465",34
"2466",34
"2467",34
"2468",34
"2469",34
"2470",34
"2471",34
"2472",34
"2473",34
"2474",34
"2475",71
"2476",213
"2477",15
"2478",15
"2479",15
"2480",15
"2481",15
"2482",15
"2483",15
"2484",15
"2485",15
"2486",15
"2487",15
"2488",15
"2489",15
"2492",31
"2493",87
"2494",31
"2495",88
"2496",31
"2497",87
"2498",31
"2499",88
"2500",31
"2502",44
"2505",44
"2506",44
"2508",44
"2509",44
"2518",136
"2519",136
"2520",136
"2521",136
"2524",2
"2525",2
"2527",136
"2528",15
"2529",15
"2530",15
"2531",15
"2532",15
"2533",15
"2534",15
"2535",15
"2536",15
"2537",15
"2538",15
"2539",15
"2540",15
"2541",15
"2542",15
"2543",15
"2544",15
"2545",15
"2546",15
"2547",2
"2548",199
"2549",2
"2550",199
"2551",2
"2552",200
"2553",2
"2554",201
"2555",136
"2556",136
"2557",136
"2558",136
"2561",214
"2562",214
"2563",214
"2564",214
"2571",34
"2572",7
"2573",34
"2574",7
"2575",34
"2576",7
"2581",98
"2582",99
"2583",71
"2584",213
"2585",71
"2586",213
"2587",71
"2588",213
"2589",71
"2590",213
"2591",71
"2592",213
"2593",71
"2594",213
"2597",25
"2598",215
"2599",25
"2600",216
"2601",25
"2602",217
"2603",25
"2604",215
"2605",25
"2606",216
"2607",25
"2608",217
"2620",161
"2624",218
"2628",218
"2629",161
"2630",161
"2631",161
"2632",161
"2633",161
"2634",161
"2635",161
"2636",161
"2643",34
"2644",34
"2645",34
"2646",34
"2648",161
"2650",161
"2652",161
"2653",161
"2655",161
"2657",161
"2659",161
"2660",2
"2662",34
"2663",34
"2668",15
"2673",161
"2675",161
"2677",161
"2679",161
"2680",61
"2681",219
"2682",15
"2683",15
"2684",15
"2685",15
"2688",220
"2689",220
"2690",220
"2691",220
"2692",61
"2693",219
"2694",138
"2695",139
"2696",138
"2697",139
"2698",138
"2699",140
"2700",221
"2701",222
"2702",221
"2703",222
"2706",223
"2708",223
"2710",136
"2711",136
"2712",136
"2713",136
"2714",224
"2715",225
"2716",34
"2717",7
"2718",34
"2719",7
"2720",15
"2721",15
"2724",151
"2726",151
"2743",151
"2745",2
"2746",226
"2747",2
"2748",226
"2749",2
"2750",227
"2751",2
"2752",227
"2753",2
"2755",2
"2756",226
"2757",2
"2758",226
"2759",2
"2760",227
"2761",214
"2762",214
"2763",228
"2764",229
"2765",228
"2766",229
"2769",228
"2770",229
"2771",230
"2772",231
"2773",230
"2774",231
"2775",232
"2776",233
"2777",232
"2778",233
"2781",230
"2782",230
"2783",234
"2784",235
"2785",230
"2786",230
"2787",234
"2788",235
"2789",236
"2790",237
"2791",236
"2792",237
"2793",214
"2794",214
"2801",15
"2803",15
"2805",15
"2807",15
"2809",238
"2810",239
"2811",238
"2812",239
"2814",240
"2816",240
"2821",224
"2822",225
"2829",241
"2831",241
